Feature,Chi2 Score,P-Value,cfDNA,Islet
f_13541:13569:13600_`101,50.23410538,1.36E-12,0,26
f_13691:13742:13784_`101,47.85984848,4.58E-12,0,16
f_13368:13401:13419_`011,47.30388015,6.08E-12,0,20.5
r_13678:13760:13804_`101,46.65714536,8.46E-12,0,15
f_13541:13569:13577_`101,46.56976703,8.84E-12,0,24
f_13686:13742:13784_`101,45.385797,1.62E-11,0,18
r_13686:13713:13760_`110,44.88783827,2.09E-11,0,21.5
f_13360:13372:13411_`011,44.76839855,2.22E-11,0,33.5
f_13533:13569:13600_`101,44.15833563,3.03E-11,0,28.5